{"cameraMode":{"drawMode":0,"name":"Shaded","section":"Shading Mode"},"sceneLighting":true,"audioPlay":false,"sceneViewState":{"showFog":true,"showMaterialUpdate":false,"showSkybox":true,"showFlares":true,"showImageEffects":true,"showParticleSystems":true},"in2DMode":false,"pivot":{"x":2.2573843002319338,"y":-6.464578628540039,"z":16.521907806396486},"rotation":{"x":-0.3129223883152008,"y":-0.015102389268577099,"z":0.004976409953087568,"w":-0.9496456384658814},"size":67.01380157470703,"orthographic":false}