{"cameraMode":{"drawMode":0,"name":"Shaded","section":"Shading Mode"},"sceneLighting":true,"audioPlay":false,"sceneViewState":{"showFog":true,"showMaterialUpdate":false,"showSkybox":true,"showFlares":true,"showImageEffects":true,"showParticleSystems":true},"in2DMode":false,"pivot":{"x":4.153781414031982,"y":4.398246765136719,"z":0.08338180184364319},"rotation":{"x":0.25930526852607729,"y":-0.6563366651535034,"z":0.25790467858314516,"w":0.6599001884460449},"size":3.426748752593994,"orthographic":false}